STATE,IBGE_RES_POP,IBGE_RES_POP_BRAS,IBGE_DU,IBGE_DU_URBAN,IBGE_DU_RURAL,IBGE_POP,IBGE_1,IBGE_1-4,IBGE_5-9,IBGE_10-14,IBGE_15-59,IBGE_60+,IBGE_PLANTED_AREA,IBGE_CROP_PRODUCTION_$,IDHM,LONG,LAT,ALT,PAY_TV,FIXED_PHONES,AREA,CATEGORIA_TUR,ESTIMATED_POP,RURAL_URBAN,GVA_AGROPEC,GVA_INDUSTRY,GVA_SERVICES,GVA_PUBLIC,GVA_TOTAL,TAXES,GDP,POP_GDP,GDP_CAPITA,GVA_MAIN,COMP_TOT,COMP_A,COMP_B,COMP_C,COMP_E,COMP_F,COMP_G,COMP_H,COMP_I,COMP_L,COMP_M,COMP_N,COMP_O,COMP_P,COMP_Q,COMP_R,COMP_S,HOTELS,BEDS,Pr_Agencies,Pu_Agencies,Pr_Bank,Pu_Bank,Cars,Motorcycles,Wheeled_tractor,UBER,MAC,WAL-MART,POST_OFFICES
16,5098,5098,1536,1100,436,3594,46,198,265,379,2100,606,2442,6319,0.599,-42.6592,-5.7955,260.4377,145,77,112.392,0,5148,3,1981,1454,6406,18108,27949,1571,29519,5069,5824.0,1,39,0,0,1,0,3,22,0,0,0,0,0,2,1,1,0,9,0,0,0,0,0,0,282,1185,0,0,0,0,1
10,2709,2706,875,364,511,1099,13,40,69,98,716,163,15,28,0.649,-44.6381,-22.1711,1115.5199,162,92,161.356,5,2683,3,5039,1801,8576,14932,30348,1088,31436,2756,11406.0,1,35,2,0,4,0,0,19,3,0,0,0,1,2,2,2,0,0,0,0,0,0,0,0,479,332,0,0,0,0,1
14,5239,5239,1567,639,928,2062,40,132,162,197,1294,237,516,47,0.578,-36.0606,-7.7415,518.6663,32,65,305.988,0,5473,3,3994,1383,6694,25987,38057,900,38957,5475,7115.0,1,37,1,0,5,0,0,16,1,0,0,0,1,2,6,1,0,3,0,0,0,0,0,0,297,274,0,0,0,0,1
14,2366,2366,676,353,323,1231,22,113,119,128,714,135,255,170,0.548,-36.0061,-6.9047,444.7022,72,17,220.248,0,2488,3,1417,675,4344,16145,22580,574,23154,2488,9306.0,1,18,0,0,1,0,0,3,0,0,0,0,1,2,1,0,0,10,0,0,0,0,0,0,198,104,0,0,0,0,1
9,11063,11063,2632,1118,1515,3154,31,204,316,399,1872,332,2045,4230,0.549,-45.4647,-4.1623,55.1921,302,44,524.373,0,8066,3,16154,2119,11951,30369,60594,1600,62194,10210,6091.0,1,22,0,0,0,0,0,18,0,0,0,0,0,2,0,0,0,2,0,0,0,0,0,0,196,1008,0,0,0,0,1
10,4444,4436,1405,694,711,2109,30,110,161,183,1282,343,933,3774,0.592,-41.7264,-19.4145,393.105,49,162,278.173,5,3973,3,7622,1652,9204,18109,36588,997,37585,4245,8854.0,1,36,0,0,3,0,0,18,1,0,0,1,1,2,0,0,0,10,0,0,0,0,0,0,692,1066,0,0,0,0,1
9,6431,6431,1508,1143,365,4821,114,413,626,660,2645,363,1462,4356,0.52,-46.0092,-1.6809,59.4369,288,25,502.402,0,6918,3,8664,1705,15332,20463,46163,2489,48652,6844,7109.0,1,26,0,0,0,0,0,19,0,0,0,0,1,2,3,0,0,1,0,0,0,0,0,0,124,529,0,0,0,0,1
14,2088,2088,636,340,296,1062,17,99,92,94,641,119,660,141,0.606,-37.0648,-7.5672,622.126,6,18,121.984,0,2227,3,1276,1169,4315,14575,21335,643,21979,2229,9860.0,1,16,0,0,1,0,1,6,0,0,0,1,0,2,2,0,0,3,0,0,0,0,0,0,131,153,0,0,0,0,1
26,3175,3175,844,507,337,1934,30,128,193,200,1176,207,497,1466,0.648,-47.8621,-6.3878,270.8336,35,104,451.733,0,3417,3,16115,1111,4809,20988,43022,998,44021,3401,12943.0,1,40,1,0,0,0,5,25,2,0,0,2,0,2,1,0,0,2,0,0,0,0,0,0,139,385,0,0,0,0,1
14,1927,1927,488,267,221,1017,17,75,106,90,628,101,181,161,0.562,-36.9435,-7.1237,365.3387,3,4,112.089,0,2140,3,658,526,2733,12855,16771,343,17114,2137,8008.0,1,8,0,0,0,0,0,2,0,0,0,0,1,2,1,0,0,2,0,0,0,0,0,0,86,169,0,0,0,0,1
16,2440,2440,669,66,603,238,2,18,20,29,138,31,3039,584,0.519,-41.5632,-7.2787,186.4951,3,12,316.235,0,2551,3,1733,532,2833,10990,16088,465,16553,2460,6729.0,1,11,1,0,1,0,0,3,1,0,0,0,1,3,0,0,0,1,0,0,0,0,0,0,97,487,0,0,0,0,1
16,4688,4688,1250,665,585,2433,28,129,236,284,1475,281,1230,1548,0.56,-42.5366,-6.6508,144.7748,18,62,682.761,0,4735,3,1803,2087,7566,19382,30839,1465,32304,4662,6929.0,1,48,0,0,1,0,1,30,2,0,0,0,3,2,0,1,0,7,0,0,0,0,0,0,112,571,0,0,0,0,1
9,5293,5293,1398,382,1016,1423,14,87,123,137,864,198,441,1262,0.537,-44.7357,-2.7109,4.9581,43,15,412.639,0,5617,3,3927,1593,7994,18867,32382,1141,33523,5544,6047.0,1,12,0,0,1,0,2,5,0,0,0,0,0,2,0,0,0,2,0,0,0,0,0,0,27,656,0,0,0,0,1
5,6026,6026,1717,958,759,3295,53,203,265,274,2054,446,773,312,0.627,-38.7201,-6.7272,287.2267,22,31,146.433,0,6272,3,4846,1406,10428,23914,40593,1406,41999,6214,6759.0,1,50,0,0,2,0,0,35,1,0,0,1,2,2,1,0,0,6,0,0,0,0,0,0,510,817,0,0,0,0,1
14,4220,4220,1300,1008,292,3187,62,212,296,292,1907,418,410,160,0.558,-36.253,-6.6424,617.1531,21,26,50.582,5,4831,3,1061,909,9656,23767,35393,1736,37129,4843,7667.0,1,26,0,0,0,0,0,18,0,1,0,1,1,2,2,0,0,1,0,0,0,0,0,0,261,195,0,0,0,0,1
19,3950,3950,1141,539,602,1755,22,88,153,161,1068,263,172,103,0.566,-35.9268,-5.9481,132.8922,35,35,152.626,0,4002,3,946,1312,8190,21198,31645,1266,32911,4065,8096.0,1,23,0,0,3,0,0,11,0,0,0,0,1,2,1,0,0,5,0,0,0,0,0,0,314,396,0,0,0,0,1
4,6453,6453,1957,1604,353,5293,61,294,384,531,3311,712,7889,19713,0.602,-39.4733,-14.8098,146.3835,312,278,201.585,0,5743,3,16259,2547,14698,24444,57948,2191,60139,6367,9445.0,1,33,1,0,0,0,0,21,0,0,0,0,2,2,0,2,0,5,0,0,0,0,0,0,275,197,0,0,0,0,1
1,7030,7030,1814,323,1491,1166,23,73,120,131,701,118,210,551,0.517,-37.2784,-9.827,20.7941,87,54,335.047,5,6696,3,18666,9448,9781,27066,64961,786,65747,6786,9689.0,1,19,0,0,0,0,0,4,0,1,0,1,1,2,1,0,0,8,0,0,0,0,0,0,178,427,0,0,0,0,1
9,6524,6524,1277,647,630,3229,87,366,421,505,1687,163,2253,4469,0.512,-43.5101,-3.1568,64.5624,167,8,569.428,0,7409,3,5023,1894,8348,25214,40479,1109,41589,7350,5658.0,1,18,0,0,0,0,1,8,0,0,0,0,2,2,0,0,0,5,0,0,0,0,0,0,74,271,0,0,0,0,1
1,4551,4551,1308,533,775,2340,36,146,211,255,1411,281,303,514,0.593,-36.4945,-9.5686,319.517,36,30,66.655,5,4406,3,8395,534,7766,18988,35683,619,36303,4517,8037.0,1,26,0,0,0,0,0,14,2,0,0,1,2,1,1,0,0,4,0,0,0,0,0,0,328,654,0,0,0,0,1
16,3284,3284,933,498,435,1603,36,120,139,143,1008,157,2733,1102,0.551,-40.9703,-7.3701,342.9671,2,17,243.531,5,3544,3,1612,1330,5397,15491,23831,1009,24840,3485,7128.0,1,38,1,0,0,0,4,20,0,2,0,0,1,2,1,0,0,4,0,0,0,0,0,0,162,209,0,0,0,0,1
22,2307,2305,427,125,302,339,4,12,19,22,203,79,2667,8841,0.619,-52.6022,-27.5086,760.91,12,97,132.351,0,2031,3,11410,1381,5797,11995,30584,902,31486,2245,14025.0,1,40,0,0,1,0,0,14,5,0,0,0,0,1,6,1,0,12,0,0,0,0,0,0,511,203,0,0,0,0,1
19,5113,5113,1311,591,720,2060,29,106,218,215,1257,235,253,887,0.582,-35.8217,-5.6924,125.0011,64,55,301.069,0,5469,3,3624,1194,6715,28056,39589,986,40575,5493,7387.0,1,30,1,0,1,0,1,8,0,1,0,0,3,2,0,1,0,12,0,0,0,0,0,0,441,631,0,0,0,0,1
9,5996,5992,1508,615,893,2321,37,159,209,221,1428,267,1637,2859,0.604,-44.7643,-4.6303,52.215,16,18,247.221,0,6011,3,15250,2951,11585,18288,48075,1562,49636,5938,8359.0,1,38,0,0,1,0,3,22,0,1,0,1,1,1,3,0,0,5,0,0,0,0,0,0,127,1260,0,0,0,0,1
26,4456,4456,1350,678,672,2173,32,175,193,245,1328,200,580,10326,0.638,-48.8991,-7.8685,163.731,49,90,926.888,0,4469,3,27303,3553,11393,28720,70969,4561,75530,4525,16692.0,1,33,2,0,2,0,0,19,0,0,0,2,2,3,0,1,0,2,0,0,0,0,0,0,257,1057,0,0,0,0,1
10,3793,3793,1209,500,709,1497,13,52,100,132,897,303,119,207,0.62,-43.7566,-21.6087,773.9667,156,203,283.535,5,3430,3,5969,1060,7877,16426,31331,938,32270,3648,8846.0,1,23,2,0,2,0,0,10,0,0,0,0,1,3,2,0,0,3,0,0,0,0,0,0,572,343,0,0,0,0,1
14,5751,5751,1496,984,512,3518,53,224,267,298,2191,485,360,252,0.599,-38.219,-7.4223,310.7524,18,35,170.58,0,5423,3,2494,1094,8816,25102,37507,1377,38884,5410,7187.0,1,49,0,0,6,0,0,21,1,1,0,0,1,2,2,0,0,15,0,0,0,0,0,0,254,776,0,0,0,0,1
9,7949,7949,1832,1289,543,5583,123,557,756,763,2994,390,375,635,0.545,-46.2987,-1.7933,18.4052,159,90,404.239,0,9158,3,4804,2224,21170,24025,52223,3796,56020,9164,6113.0,1,37,0,0,2,0,1,31,0,0,0,0,1,1,1,0,0,0,0,0,0,0,0,0,131,309,0,0,0,0,1
14,2400,2400,699,305,394,988,13,60,85,95,589,146,185,88,0.597,-38.6551,-6.818,320.7095,11,15,46.169,0,2547,3,1583,1080,6326,15384,24373,966,25340,2550,9937.0,1,22,1,0,2,0,0,10,0,0,0,0,0,3,1,0,0,5,0,0,0,0,0,0,175,329,0,0,0,0,1
4,10113,10113,2626,801,1825,2766,50,191,268,265,1692,300,378,195,0.546,-40.5012,-14.3729,642.0004,19,56,467.813,0,9942,3,3902,2726,12406,31559,50593,1700,52293,10515,4973.0,1,43,0,0,1,0,1,24,0,0,0,1,1,1,1,1,0,12,0,0,0,0,0,0,434,326,0,0,0,0,1
16,5393,5393,1519,480,1039,1632,24,112,145,166,1015,170,2148,98,0.542,-42.8797,-9.1666,409.6708,101,20,289.209,0,5654,3,1468,1225,8919,22490,34101,1680,35781,5564,6431.0,1,24,0,0,0,0,0,15,1,1,0,0,0,3,1,1,0,2,0,0,0,0,0,0,151,618,0,0,0,0,1
26,2064,2064,610,416,194,1433,33,85,161,140,873,141,507,192,0.684,-48.4854,-8.3849,217.7369,23,102,641.467,0,2191,3,8157,849,11369,15778,36153,3356,39509,2188,18057.0,1,15,1,0,1,0,1,7,0,1,0,1,1,2,0,0,0,0,0,0,0,0,0,0,167,308,0,0,0,0,1
9,5577,5577,1280,681,599,2843,43,210,351,394,1629,216,1210,1684,0.519,-45.5821,-4.3306,85.2887,75,13,986.036,0,9367,3,14685,2322,12962,30673,60643,1533,62176,10444,5953.0,1,14,0,0,0,0,0,11,0,0,0,0,1,1,0,0,0,1,0,0,0,0,0,0,51,1108,0,0,0,0,1
24,7742,7742,2041,1036,1005,3981,69,337,404,509,2330,332,2711,9847,0.54,-36.4718,-10.4189,2.8739,196,73,143.887,5,8264,3,16636,3086,14680,38790,73192,2978,76170,8271,9209.0,1,26,0,0,1,0,1,10,0,2,0,0,1,4,0,0,0,7,0,0,0,0,0,0,196,403,0,0,0,0,1
16,9928,9928,2584,443,2141,1654,20,102,155,146,1064,167,2102,1999,0.583,-42.3083,-4.4713,115.8393,209,35,608.804,5,10540,3,4837,1838,11531,37311,55517,2336,57853,10368,5580.0,1,41,0,0,3,0,0,24,2,0,0,0,1,3,6,0,0,2,0,0,0,0,0,0,372,1249,0,0,0,0,1
9,8446,8446,1772,820,952,3788,68,324,390,510,2202,294,2383,6043,0.537,-44.0597,-2.9319,8.5989,59,13,864.808,4,9382,3,12071,2515,10796,29734,55115,1114,56230,8878,6334.0,1,19,0,0,0,0,1,8,0,0,0,1,0,2,1,0,0,6,0,0,0,0,0,0,96,475,0,0,0,0,1
26,2148,2148,564,455,109,1722,36,149,181,240,958,158,303,971,0.627,-47.9142,-6.1132,200.4126,12,44,352.346,0,2266,3,4940,518,4135,15892,25486,904,26390,2266,11646.0,1,19,0,0,0,0,0,7,0,0,0,2,1,2,0,1,0,5,0,0,0,0,0,0,117,273,0,0,0,0,1
14,3557,3557,1033,499,534,1674,31,115,141,127,1072,188,421,237,0.596,-37.1582,-7.1285,272.08,12,18,220.38,0,3729,3,3193,1030,5842,18328,28393,836,29229,3731,7834.0,1,20,0,0,0,0,0,5,0,0,0,0,1,2,2,0,0,10,0,0,0,0,0,0,161,430,0,0,0,0,1
9,10593,10593,2594,1028,1566,3880,68,344,356,381,2316,415,519,2321,0.553,-44.6734,-2.8829,4.6506,60,32,545.244,4,11136,3,7235,2920,10300,29847,50301,1165,51466,10975,4689.0,1,21,1,0,0,0,1,14,0,0,0,0,0,2,0,0,0,3,0,0,0,0,0,0,123,876,0,0,0,0,1
16,3343,3343,932,321,611,1110,24,70,115,104,672,125,2047,1112,0.562,-42.3967,-6.7942,157.3946,6,26,514.364,0,3544,3,2772,645,3952,15014,22383,864,23248,3485,6671.0,1,16,0,0,0,0,0,9,0,0,0,0,1,2,1,1,0,2,0,0,0,0,0,0,61,433,0,0,0,0,1
14,3033,3033,827,277,550,1000,19,66,90,94,610,121,225,128,0.55,-37.7992,-6.9627,259.5835,6,3,287.894,0,3181,3,2743,937,4642,18477,26799,703,27502,3181,8646.0,1,26,0,0,1,0,0,9,0,0,0,1,1,2,3,2,0,7,0,0,0,0,0,0,88,449,0,0,0,0,1
1,6598,6598,1692,1452,240,5433,102,398,589,696,3136,512,2934,12087,0.559,-35.5667,-8.8484,115.5103,51,80,65.91,5,6918,3,16367,1003,11540,26476,55386,956,56342,7002,8047.0,1,32,0,0,1,0,1,21,3,1,0,1,1,2,1,0,0,0,0,0,0,0,0,0,249,153,0,0,0,0,1
16,5408,5408,1642,571,1071,1804,29,109,153,186,1082,245,3250,1191,0.544,-41.8807,-7.6548,214.7283,66,49,831.201,0,5603,3,4208,1392,8894,22988,37481,1995,39475,5515,7158.0,1,37,0,0,0,0,0,23,0,0,0,0,1,2,1,1,0,9,0,0,0,0,0,0,203,602,0,0,0,0,1
10,3684,3684,1026,444,582,1540,20,94,138,168,918,202,388,426,0.621,-44.8119,-16.5041,600.6125,54,24,505.914,0,3810,3,5223,1322,8026,18133,32704,987,33691,3853,8744.0,1,31,1,0,1,0,1,18,1,1,0,0,1,2,1,0,0,4,0,0,0,0,0,0,232,351,0,0,0,0,1
16,6803,6803,1686,379,1307,1424,18,112,133,144,871,146,882,1099,0.528,-42.626,-3.8079,56.083,89,10,477.629,0,7245,3,3093,1039,6229,27960,38321,1082,39403,7126,5530.0,1,27,0,0,0,0,0,17,0,1,0,0,1,3,1,0,0,4,0,0,0,0,0,0,112,374,0,0,0,0,1
4,8895,8895,2560,1028,1532,3466,41,181,277,339,2148,480,530,94,0.587,-39.1237,-11.805,245.4172,16,89,447.578,0,8338,3,7879,2931,14296,27302,52408,1448,53856,8894,6055.0,1,41,0,0,2,0,4,26,2,0,0,0,1,2,0,1,0,3,0,0,0,0,0,0,287,545,0,0,0,0,1
4,9410,9410,2558,953,1605,3218,67,248,298,316,1916,373,1212,2375,0.565,-44.205,-13.0759,703.4963,14,112,460.388,0,9719,3,9645,3526,14314,32038,59523,1798,61321,10146,6044.0,1,82,1,0,5,0,3,57,1,0,0,1,2,2,2,0,0,8,0,0,0,0,0,0,291,1238,0,0,0,0,1
14,3899,3899,1197,502,695,1505,25,88,147,133,859,253,84,545,0.585,-36.4955,-7.7311,452.0401,12,43,497.204,5,4140,3,3195,898,6064,19878,30035,976,31011,4143,7485.0,1,23,0,0,1,0,0,15,0,0,0,0,0,3,1,0,0,2,0,0,0,0,0,0,128,135,0,0,0,0,1
26,2316,2316,666,530,136,1821,31,131,179,209,1103,168,7,16,0.64,-48.396,-7.0315,300.4475,30,50,339.405,0,2556,3,9158,729,6250,17501,33638,1307,34945,2531,13807.0,1,12,0,0,0,0,1,7,0,0,0,0,1,2,0,0,0,0,0,0,0,0,0,0,145,373,0,0,0,0,1
10,2446,2446,690,410,280,1303,13,63,106,139,804,178,101,169,0.65,-43.1458,-19.0871,572.655,37,99,259.103,0,2617,3,2286,829,7346,14541,25003,691,25693,2615,9825.0,1,36,1,0,1,0,0,16,5,2,0,1,2,4,2,0,0,2,0,0,0,0,0,0,477,417,0,0,0,0,1
14,2378,2378,593,413,180,1709,26,107,149,198,1078,151,150,43,0.603,-38.3442,-7.0397,369.8459,3,7,54.524,0,2631,3,1137,653,4646,16472,22908,531,23439,2635,8895.0,1,20,0,0,0,0,0,11,0,0,0,0,0,2,1,0,0,6,0,0,0,0,0,0,103,392,0,0,0,0,1
14,4543,4543,1329,314,1015,1024,22,68,87,93,624,130,172,138,0.623,-36.0207,-7.4196,413.43,19,57,118.08,0,4807,3,6708,6899,9669,25027,48303,3022,51325,4810,10670.0,1,25,0,0,3,0,0,12,2,0,0,0,0,2,1,0,0,5,0,0,0,0,0,0,489,590,0,0,0,0,1
16,5039,5039,1267,263,1004,966,10,57,95,110,605,89,1941,3998,0.488,-41.8827,-3.4269,18.9467,85,24,491.063,5,5395,3,5935,1548,8841,23496,39820,2077,41897,5306,7896.0,1,27,1,0,3,0,0,17,0,0,0,0,0,4,1,0,0,1,0,0,0,0,0,0,155,539,0,0,0,0,1
4,10368,10368,2970,1114,1856,3652,56,251,343,419,2104,479,900,1394,0.546,-40.4373,-11.0931,485.382,64,276,540.908,0,9372,3,24911,7787,18948,33898,85543,1822,87366,10179,8583.0,1,44,0,0,3,0,3,24,1,0,0,2,1,1,2,0,0,7,0,0,0,0,0,0,623,838,0,0,0,0,1
9,7887,7887,1987,1029,958,4080,63,351,496,482,2297,391,705,1387,0.585,-44.8318,-2.1913,34.5193,199,18,319.053,0,8604,3,5054,1727,8989,26444,42214,1116,43330,8534,5077.0,1,27,0,0,1,0,0,12,0,1,0,0,1,2,0,0,0,10,0,0,0,0,0,0,74,428,0,0,0,0,1
9,12565,12565,2587,1452,1135,7051,121,573,812,724,4431,390,2874,8071,0.542,-46.04,-2.457,50.3296,385,27,1167.848,0,13243,3,15800,2256,16235,33686,67976,2583,70559,13295,5307.0,1,45,0,0,0,0,0,38,0,0,0,0,0,3,1,0,0,3,0,0,0,0,0,0,147,742,0,0,0,0,1
26,1335,1335,454,244,210,749,11,48,73,90,459,68,104,607,0.619,-49.1831,-10.142,273.8223,24,40,659.249,0,1401,3,8301,794,2036,10148,21278,537,21816,1402,15560.0,1,11,1,0,1,0,1,3,0,0,0,0,1,4,0,0,0,0,0,0,0,0,0,0,46,145,0,0,0,0,1
1,7146,7146,1877,1224,653,4452,81,350,473,516,2595,437,1420,7671,0.575,-36.2994,-9.2614,420.4719,50,32,169.464,0,7319,3,28061,1141,10892,28882,68977,973,69950,7424,9422.0,1,28,1,0,3,0,0,14,2,1,0,1,2,2,1,0,0,1,0,0,0,0,0,0,296,755,0,0,0,0,1
16,4525,4525,1329,811,518,2667,41,144,242,254,1649,337,605,778,0.555,-41.979,-4.5538,142.426,114,66,310.346,0,4881,3,1591,1242,8927,21125,32886,1596,34482,4805,7176.0,1,31,2,0,2,0,1,20,0,0,0,0,2,2,0,1,0,1,0,0,0,0,0,0,262,905,0,0,0,0,1
16,5572,5572,1559,538,1021,2393,35,160,227,239,1509,223,5859,8976,0.498,-41.4554,-3.6061,137.7827,116,19,324.863,0,6140,3,3404,1380,8951,24785,38520,1609,40129,6042,6642.0,1,32,0,0,0,0,1,26,0,0,0,0,1,2,0,0,0,1,0,0,0,0,0,0,311,474,0,0,0,0,1
10,1727,1727,563,306,257,949,7,61,67,75,571,168,98,674,0.673,-45.9223,-22.5505,1025.3448,46,40,89.122,5,1782,3,9113,1036,5528,10169,25845,603,26448,1807,14636.0,1,22,1,0,6,0,0,6,1,1,0,0,2,4,1,0,0,0,0,0,0,0,0,0,303,145,0,0,0,0,1
4,4663,4663,1355,705,650,2269,29,137,173,214,1388,328,1133,5154,0.577,-41.0463,-13.7555,313.0501,17,89,977.455,0,4086,3,7295,1763,8946,15323,33327,1202,34529,4312,8008.0,1,32,0,0,1,0,1,20,3,0,0,0,0,2,1,2,0,2,0,0,0,0,0,0,256,430,0,0,0,0,1
19,5405,5405,1575,714,861,2273,33,137,179,224,1329,371,838,4053,0.587,-36.2148,-6.3834,579.0767,63,30,185.748,5,5508,3,2423,1926,7631,28091,40070,1128,41198,5590,7370.0,1,22,0,0,0,0,0,15,0,0,0,1,1,2,0,0,0,3,0,0,0,0,0,0,436,508,0,0,0,0,1
14,1771,1771,588,268,320,782,13,41,58,43,486,141,110,75,0.641,-36.6048,-7.6288,468.6118,11,30,169.878,0,1907,3,1457,875,3737,11623,17692,631,18323,1909,9598.0,1,26,2,0,1,0,1,9,0,1,0,0,1,4,0,0,0,7,0,0,0,0,0,0,102,174,0,0,0,0,1
26,1564,1564,490,265,225,869,16,53,94,98,534,74,7382,23963,0.644,-48.9155,-11.1043,239.5122,29,75,986.693,0,1708,3,16813,936,6350,13452,37552,1652,39204,1694,23143.0,1,8,0,0,0,0,0,2,0,0,0,1,1,2,0,0,0,1,0,0,0,0,0,0,147,140,0,0,0,0,1
14,6202,6202,1732,607,1125,2069,33,114,156,207,1271,288,1642,18134,0.524,-35.2528,-6.9142,75.9627,72,47,108.448,0,6349,3,9282,1611,10478,29687,51058,1489,52546,6349,8276.0,1,40,2,0,0,0,0,26,3,0,0,0,1,3,1,0,0,4,0,0,0,0,0,0,448,765,0,0,0,0,1
24,3813,3813,1171,704,467,2271,37,132,190,237,1412,263,1961,5680,0.604,-37.1879,-10.357,200.1191,38,38,128.393,0,3977,3,6039,1522,8292,20842,36694,1569,38264,3999,9568.0,1,22,0,0,0,0,0,10,4,0,0,0,3,3,0,0,0,1,0,0,0,0,0,0,333,534,0,0,0,0,1
16,4869,4869,1176,363,813,1372,27,104,149,165,813,114,2680,3434,0.527,-40.9011,-7.8308,402.7855,7,25,755.251,0,5316,3,2304,1120,5807,21425,30655,2309,32965,5152,6398.0,1,16,0,0,0,0,1,8,0,0,0,0,0,4,1,0,0,2,0,0,0,0,0,0,117,267,0,0,0,0,1
16,4183,4183,1104,358,746,1326,25,104,129,147,786,135,845,422,0.555,-42.8322,-5.6205,168.1409,53,19,345.848,0,4425,3,1728,762,3921,16940,23351,683,24034,4353,5521.0,1,17,0,0,0,0,1,11,0,0,0,0,2,2,0,0,0,1,0,0,0,0,0,0,55,246,0,0,0,0,1
10,3127,3127,998,655,343,2034,32,114,176,176,1229,307,497,1262,0.632,-42.4001,-19.8348,360.5742,40,62,205.385,4,2814,3,9781,1328,7797,14946,33852,960,34813,3000,11604.0,1,33,0,0,1,0,1,23,0,0,0,1,2,2,0,0,0,3,0,0,0,0,0,0,320,477,0,0,0,0,1
10,3848,3848,1179,371,808,1096,10,59,80,89,670,188,254,816,0.601,-43.1966,-20.4875,611.2906,129,58,165.091,0,3814,3,5270,1400,8846,17171,32687,1180,33867,3918,8644.0,1,26,1,0,0,0,2,11,1,2,0,0,2,2,1,0,0,4,0,0,0,0,0,0,468,645,0,0,0,0,1
16,6675,6675,1869,680,1189,2364,32,175,192,202,1499,264,1423,132,0.561,-42.4396,-9.3352,393.5425,55,59,1017.057,0,6992,3,2814,1108,7547,24014,35484,1421,36905,6880,5364.0,1,37,0,0,3,0,0,29,1,0,0,0,0,1,0,0,0,3,0,0,0,0,0,0,277,864,0,0,0,0,1
4,3874,3874,1182,579,603,1761,30,96,128,155,1116,236,375,2607,0.632,-39.1881,-12.9115,165.8524,324,44,94.778,4,4050,3,6564,1629,7515,14872,30580,1017,31596,4201,7521.0,1,29,0,0,2,0,0,15,3,2,0,0,1,2,0,0,0,4,0,0,0,0,0,0,350,489,0,0,0,0,1
16,4264,4264,1106,284,822,958,10,54,76,85,622,111,2323,1815,0.55,-41.2719,-4.2534,141.2269,43,35,848.705,4,4356,3,1955,1105,6883,19187,29130,1273,30402,4288,7090.0,1,30,0,0,0,0,0,17,0,1,0,0,0,4,0,0,0,8,0,0,0,0,0,0,98,286,0,0,0,0,1
5,6840,6840,1891,1001,890,3453,48,194,263,314,2147,487,1452,827,0.61,-38.3473,-6.0313,205.8611,101,28,382.707,0,7211,3,10594,1584,11124,26406,49708,1601,51309,7134,7192.0,1,39,0,0,2,0,0,23,0,0,0,1,1,2,1,0,0,9,0,0,0,0,0,0,173,889,0,0,0,0,1
10,2470,2470,827,611,216,1780,10,81,118,133,1115,323,227,1646,0.71,-42.4584,-21.7423,215.2697,124,186,131.365,5,2361,3,4540,1286,10322,12775,28922,1422,30344,2459,12340.0,1,30,0,0,0,0,0,15,1,2,0,1,2,2,2,0,0,5,0,0,0,0,0,0,483,194,0,0,0,0,1
16,5074,5074,1321,363,957,1328,28,99,116,124,830,131,1329,265,0.548,-42.7944,-9.4786,401.143,34,13,712.918,5,5295,3,2168,589,4490,18587,25834,760,26594,5210,5104.0,1,21,1,0,0,0,0,15,0,0,0,0,0,2,0,0,0,3,0,0,0,0,0,0,138,388,0,0,0,0,1
24,5324,5324,1492,1017,475,3577,69,262,370,415,2128,333,4700,14429,0.584,-37.3161,-10.2705,214.9422,79,34,183.273,0,5567,3,8034,5187,12335,29844,55400,2577,57977,5595,10362.0,1,31,0,0,1,0,3,13,1,1,0,0,1,4,0,0,0,7,0,0,0,0,0,0,436,710,0,0,0,0,1
16,4477,4477,1325,676,649,2150,29,128,169,181,1278,365,2425,4318,0.577,-42.6911,-6.6233,131.9885,30,51,656.475,0,4373,3,3606,1138,6355,17686,28785,1270,30055,4309,6975.0,1,45,0,0,3,0,0,28,1,0,0,1,0,3,2,2,0,5,0,0,0,0,0,0,144,522,0,0,0,0,1
10,3329,3329,903,183,720,616,10,50,64,51,380,61,341,870,0.543,-42.7653,-18.1651,664.7886,41,35,167.474,5,3469,3,4789,743,6065,15468,27064,674,27738,3498,7930.0,1,19,0,0,2,0,0,11,0,0,0,0,1,2,1,0,0,2,0,0,0,0,0,0,369,769,0,0,0,0,1
14,2933,2933,966,586,380,1805,28,105,125,146,1048,353,170,50,0.641,-36.452,-6.4045,375.7512,2,12,244.317,0,2990,3,1013,912,6036,16577,24538,1026,25563,2988,8555.0,1,19,0,0,2,0,0,11,0,0,0,0,0,3,1,0,0,2,0,0,0,0,0,0,96,180,0,0,0,0,1
19,4233,4233,1302,877,425,2804,47,182,191,228,1777,379,309,286,0.597,-37.841,-6.1562,224.9263,40,38,63.279,4,4095,3,1393,659,7929,19148,29129,1140,30269,4204,7200.0,1,42,0,0,3,0,1,24,0,0,0,1,0,2,2,2,0,7,0,0,0,0,0,0,373,851,0,0,0,0,1
14,8376,8376,2234,288,1946,899,13,56,72,97,550,111,2150,677,0.513,-35.7907,-7.5829,353.0647,7,31,192.406,0,8448,3,6897,1277,9841,38306,56322,1477,57799,8443,6846.0,1,33,0,0,0,0,1,25,0,0,0,0,1,2,1,0,0,3,0,0,0,0,0,0,433,447,0,0,0,0,1
4,4561,4561,1388,814,574,2523,17,139,230,209,1550,378,430,165,0.599,-39.7861,-11.4709,299.9581,72,40,384.592,0,4487,3,6433,1637,9620,18166,35856,1895,37750,4740,7964.0,1,28,0,0,2,0,1,14,3,0,0,0,1,2,0,0,0,5,0,0,0,0,0,0,296,381,0,0,0,0,1
9,7337,7337,1898,1362,536,5179,89,393,556,607,3008,526,3157,6580,0.544,-44.0709,-5.4729,121.5606,12,35,373.164,0,7772,3,7651,2412,13153,24353,47568,1703,49272,7668,6426.0,1,26,0,0,1,0,0,16,0,0,0,0,0,1,3,1,0,3,0,0,0,0,0,0,179,813,0,0,0,0,1
9,11921,11921,2842,1066,1776,4268,84,362,455,478,2433,456,1736,3192,0.521,-45.6745,-3.4297,49.7764,300,64,1144.074,0,10211,3,16284,2358,11995,29708,60345,1506,61851,9965,6207.0,1,32,0,0,1,0,0,27,0,0,0,0,0,1,1,0,0,2,0,0,0,0,0,0,193,1236,0,0,0,0,1
24,5645,5645,1704,831,873,2703,45,152,207,274,1704,321,2990,10514,0.577,-37.1961,-10.2262,238.6661,122,29,242.679,0,5811,3,14264,3060,12445,27981,57750,2865,60615,5859,10346.0,1,38,0,0,1,0,1,14,1,1,0,0,1,4,1,0,0,12,0,0,0,0,0,0,399,880,0,0,0,0,1
5,4629,4629,1175,381,794,1369,21,79,107,133,851,178,1005,1346,0.585,-39.2203,-6.8889,313.2803,17,24,100.127,0,4469,3,3448,1182,6834,19130,30594,1220,31814,4459,7135.0,1,10,0,0,0,0,1,2,0,0,0,0,1,2,0,0,0,4,0,0,0,0,0,0,165,289,0,0,0,0,1
9,6140,6140,1705,809,896,2901,46,175,251,330,1760,339,1324,4479,0.57,-44.3358,-5.4048,198.0573,18,39,271.445,0,6263,3,4790,2439,10224,20078,37531,1365,38896,6138,6337.0,1,18,0,0,1,0,1,12,0,0,0,0,0,1,1,1,0,1,0,0,0,0,0,0,237,981,0,0,0,0,1
4,4866,4866,1402,724,678,2457,28,155,240,254,1427,353,418,539,0.511,-40.9354,-12.6499,561.3341,151,59,698.245,0,4043,3,4996,1156,5257,14418,25827,540,26367,4207,6267.0,1,21,1,0,0,0,0,13,1,0,0,1,1,2,1,0,0,1,0,0,0,0,0,0,192,206,0,0,0,0,1
15,7534,7531,2302,1055,1247,3130,56,199,299,305,1777,494,1900,1551,0.58,-36.1805,-8.5805,608.5777,132,240,189.596,0,7756,3,12009,1392,11059,30221,54681,1731,56412,7730,7298.0,1,40,0,0,2,0,0,22,2,0,0,1,2,3,1,1,0,6,0,0,0,0,0,0,492,744,0,0,0,0,1
14,6156,6156,1736,1207,529,4109,60,263,340,412,2452,582,515,195,0.61,-38.1467,-7.1793,305.9808,14,49,192.26,0,6186,3,4751,2024,11304,30709,48788,1680,50468,6182,8164.0,1,54,0,0,2,0,2,38,1,0,0,1,1,2,1,2,0,4,0,0,0,0,0,0,308,1060,0,0,0,0,1
10,2629,2628,812,509,303,1620,20,77,110,131,1061,221,3875,22832,0.697,-44.9224,-21.4037,947.4159,147,45,305.591,5,2757,3,21279,4302,9736,15581,50898,1437,52334,2775,18859.0,1,43,0,0,5,0,2,13,5,1,0,1,2,2,2,1,0,9,0,0,0,0,0,0,421,178,0,0,0,0,1
13,10037,10032,2500,683,1817,2766,39,196,276,271,1762,222,3678,24379,0.572,-47.9134,-1.4266,3.9284,122,50,471.644,0,11559,3,44591,10172,13875,38091,106729,4603,111332,11224,9919.0,1,36,2,0,8,0,2,11,0,0,0,0,1,2,2,0,0,8,0,0,0,0,0,0,310,874,0,0,0,0,1
26,3532,3532,1067,594,473,1905,26,133,194,205,1166,181,18565,41391,0.601,-48.1112,-8.3843,179.5191,39,69,1243.961,0,3758,3,18529,1060,8472,22875,50935,2063,52998,3752,14125.0,1,26,2,0,0,0,0,15,0,1,0,0,1,4,0,0,0,2,0,0,0,0,0,0,182,643,0,0,0,0,1
1,6997,6997,1693,1093,600,4312,83,301,459,543,2509,417,2794,23973,0.548,-35.461,-8.8403,93.4027,28,31,208.738,0,7036,3,22935,2249,10245,28917,64346,729,65075,7148,9104.0,1,34,0,0,2,0,1,18,3,1,0,1,1,3,1,0,0,2,0,0,0,0,0,0,203,248,0,0,0,0,1
15,11501,11501,2941,1907,1034,7072,104,500,719,811,4223,715,3628,15363,0.575,-35.7974,-8.728,229.6328,111,170,87.208,0,11668,3,16958,2823,19724,47493,86998,2754,89752,11649,7705.0,1,53,2,0,3,0,1,30,3,0,0,1,3,4,2,2,0,2,0,0,0,0,0,0,551,917,0,0,0,0,1
1,5558,5558,1414,772,642,2900,51,230,301,305,1754,259,319,496,0.552,-37.0036,-9.6584,169.1072,57,21,105.863,0,5597,3,13475,813,7153,21500,42941,668,43608,5685,7671.0,1,24,0,0,0,0,0,14,3,1,0,0,1,2,1,0,0,2,0,0,0,0,0,0,303,368,0,0,0,0,1
19,2607,2607,732,130,602,424,9,23,29,30,272,61,529,277,0.565,-35.97,-5.6526,135.7067,34,28,254.022,0,2617,3,2122,603,3754,15655,22133,695,22828,2666,8563.0,1,7,0,0,0,0,0,3,0,0,0,0,1,2,0,0,0,1,0,0,0,0,0,0,188,334,0,0,0,0,1
8,2300,2300,748,596,152,1823,30,95,149,170,1131,248,275,1892,0.649,-49.3762,-15.9516,700.9316,49,53,122.475,0,2474,3,5344,1351,6475,11680,24849,1192,26041,2460,10586.0,1,40,0,0,5,0,1,18,0,1,0,2,1,2,2,0,0,7,0,0,0,0,0,0,373,174,0,0,0,0,1
1,4202,4202,1132,772,360,2798,41,195,270,339,1707,246,2384,10517,0.562,-35.5556,-8.9389,102.9264,42,38,88.794,0,4175,3,12830,1342,8156,21425,43753,670,44423,4249,10455.0,1,24,0,0,0,0,1,12,3,1,0,1,2,3,1,0,0,0,0,0,0,0,0,0,241,249,0,0,0,0,1
19,3582,3582,1045,294,751,917,11,52,83,100,530,141,357,1897,0.595,-35.3278,-6.2692,88.338,162,46,44.641,0,3873,3,1898,1003,4832,20130,27863,597,28460,3881,7333.0,1,14,0,0,0,0,1,7,1,0,0,0,1,2,1,0,0,1,0,0,0,0,0,0,229,535,0,0,0,0,1
16,4517,4517,1265,250,1015,862,18,69,76,90,524,85,3980,395,0.555,-43.1331,-9.222,448.7531,50,22,1271.889,0,4748,3,2229,1616,7152,20846,31844,1282,33126,4671,7092.0,1,17,1,0,0,0,1,9,1,0,0,0,0,2,0,0,0,3,0,0,0,0,0,0,139,352,0,0,0,0,1
14,4681,4681,1315,676,639,2304,24,142,177,201,1408,352,154,63,0.563,-37.9151,-6.5942,281.2737,6,11,177.902,0,4679,3,1394,1807,7832,21141,32175,1359,33533,4676,7171.0,1,47,0,0,0,0,1,26,0,0,0,0,3,1,6,1,0,7,0,0,0,0,0,0,166,692,0,0,0,0,1
19,6227,6227,1687,1098,589,3975,62,254,394,463,2360,442,797,2412,0.601,-35.5998,-6.3915,147.2127,54,60,105.652,0,6728,3,1468,1533,11631,32123,46756,1667,48423,6743,7181.0,1,34,0,0,0,0,0,20,1,0,0,0,1,4,3,0,0,5,0,0,0,0,0,0,440,740,0,0,0,0,1
16,4523,4523,1164,283,881,994,13,47,90,83,657,104,2787,892,0.502,-41.5303,-8.4824,424.1788,25,23,1329.665,4,4653,3,2519,852,6168,19551,29089,1211,30300,4580,6616.0,1,32,0,0,0,0,0,21,0,2,0,0,0,2,2,1,0,3,0,0,0,0,0,0,176,260,0,0,0,0,1
16,4850,4850,1463,533,930,1718,28,124,153,175,1013,225,7138,10828,0.541,-41.5824,-6.5153,441.6862,36,25,804.698,5,5154,3,6031,1318,6864,20420,34633,1685,36318,5068,7166.0,1,35,0,0,3,0,2,19,0,0,0,0,1,2,0,1,0,7,0,0,0,0,0,0,177,413,0,0,0,0,1
10,4225,4225,1193,848,345,3073,39,202,291,341,1889,311,725,610,0.634,-44.5783,-16.9784,708.8384,82,30,600.547,4,4124,3,9992,3653,9613,18338,41596,1432,43028,4260,10100.0,1,48,2,0,1,0,1,21,1,0,0,0,2,2,2,1,0,15,0,0,0,0,0,0,343,399,0,0,0,0,1
16,2656,2656,775,460,315,1582,20,100,147,180,929,206,680,724,0.597,-42.6274,-5.8366,237.4101,94,31,67.617,0,2831,3,949,616,3576,12432,17573,553,18126,2785,6508.0,1,19,0,0,0,0,1,7,0,0,0,0,0,2,0,0,0,9,0,0,0,0,0,0,170,551,0,0,0,0,1
14,7164,7164,2054,1166,888,3735,77,272,344,384,2155,503,1329,559,0.566,-36.9486,-7.379,589.2521,14,48,270.753,4,7371,3,2738,1857,12735,33656,50986,2371,53357,7371,7239.0,1,38,2,0,1,0,1,22,0,0,0,1,1,2,2,0,0,6,0,0,0,0,0,0,319,536,0,0,0,0,1
14,3942,3942,1106,503,603,1723,26,119,143,148,1009,278,330,632,0.583,-35.4433,-6.6154,123.5805,96,17,37.996,0,4294,3,3631,1083,7109,21004,32826,1036,33862,4299,7877.0,1,22,0,0,2,0,1,14,1,0,0,0,1,2,1,0,0,0,0,0,0,0,0,0,157,369,0,0,0,0,1
26,2622,2622,729,468,261,1986,45,158,215,234,1150,184,508,1386,0.639,-47.8568,-6.194,201.7533,31,47,279.563,0,3060,3,7846,1538,6037,18404,33825,1445,35270,2992,11788.0,1,27,1,0,1,0,1,18,1,1,0,0,1,2,0,0,0,1,0,0,0,0,0,0,144,361,0,0,0,0,1
19,3536,3536,1004,826,178,2899,52,214,243,283,1727,380,698,463,0.617,-38.3235,-6.4038,297.1456,41,50,31.971,5,3978,3,1023,868,7752,20732,30375,1003,31377,3955,7934.0,1,31,1,0,0,0,2,16,0,0,0,2,1,2,2,0,0,5,0,0,0,0,0,0,278,508,0,0,0,0,1
1,3652,3652,1045,471,574,1632,32,103,167,191,980,159,65,534,0.577,-36.385,-9.4478,550.3111,74,17,91.741,4,3534,3,5528,784,6709,17336,30357,720,31078,3600,8633.0,1,23,2,0,2,0,1,8,0,0,0,0,1,2,6,0,0,1,0,0,0,0,0,0,220,606,0,0,0,0,1
14,7609,7609,0,0,0,2838,45,211,277,266,1701,338,3147,10225,0.529,-35.0139,-6.7701,92.9344,85,136,123.832,5,8460,3,23738,1724,11193,37552,74207,1436,75644,8475,8926.0,1,36,2,0,2,0,0,15,1,1,0,1,1,2,5,0,0,6,0,0,0,0,0,0,458,662,0,0,0,0,1
10,4595,4595,1286,593,693,2005,32,111,179,220,1195,268,487,861,0.597,-43.0574,-18.4728,773.0384,32,97,280.53,0,4482,3,10713,1517,10601,20156,42987,1149,44136,4631,9530.0,1,39,0,0,1,0,2,18,0,2,0,1,0,2,6,0,0,7,0,0,0,0,0,0,449,718,0,0,0,0,1
14,4321,4321,1136,186,950,682,20,50,60,67,387,98,2232,6223,0.541,-35.7709,-7.1212,482.5669,5,21,38.124,5,4516,3,12055,1359,7013,22054,42481,1106,43586,4517,9649.0,1,17,0,0,0,0,0,6,1,0,0,0,1,2,3,0,0,4,0,0,0,0,0,0,246,362,0,0,0,0,1
14,2702,2702,720,328,392,1198,21,79,107,120,711,160,304,140,0.565,-37.7116,-6.5426,198.669,5,5,83.522,0,2889,3,991,789,4774,15020,21574,673,22247,2892,7692.0,1,22,0,0,2,0,0,8,0,0,0,0,0,2,2,0,0,8,0,0,0,0,0,0,149,536,0,0,0,0,1
26,3154,3154,818,560,258,2017,44,166,214,252,1166,175,215,511,0.58,-47.5049,-5.9526,151.011,17,88,738.105,0,3403,3,4305,599,4395,21426,30726,882,31607,3386,9335.0,1,13,0,0,0,0,0,9,0,0,0,1,1,2,0,0,0,0,0,0,0,0,0,0,125,366,0,0,0,0,1
9,8118,8118,1800,408,1392,1760,35,148,196,249,1011,121,5267,16022,0.527,-42.6108,-3.5822,26.5006,300,24,634.384,0,8445,3,9493,1716,8086,24783,44079,917,44995,8306,5417.0,1,11,1,0,0,0,0,2,0,0,0,0,1,2,0,0,0,5,0,0,0,0,0,0,59,205,0,0,0,0,1
16,6769,6769,1713,446,1267,1701,17,101,165,218,1019,181,3123,1907,0.508,-41.448,-4.7,394.4533,62,43,1309.128,5,6617,3,2733,1088,8092,26078,37992,1518,39509,6513,6066.0,1,36,0,0,0,0,0,23,0,0,0,0,0,2,6,0,0,5,0,0,0,0,0,0,155,562,0,0,0,0,1
1,5275,5275,1471,647,824,2252,43,140,186,233,1409,241,275,106,0.563,-36.8649,-9.3037,283.7805,23,17,167.461,0,5337,3,11781,748,7752,22743,43024,621,43645,5419,8054.0,1,44,0,0,2,0,0,26,1,0,0,0,1,1,4,0,0,8,0,0,0,0,0,0,371,701,0,0,0,0,1
4,10507,10507,2788,533,2255,1809,27,124,170,182,1138,168,731,1647,0.527,-40.7736,-14.2398,356.2026,15,68,1172.861,0,8844,3,10290,2889,14301,30283,57763,1964,59727,9735,6135.0,1,51,0,0,0,0,4,35,0,2,0,0,2,2,0,0,0,6,0,0,0,0,0,0,342,377,0,0,0,0,1
26,3152,3152,898,530,368,1788,31,123,196,222,1013,203,1221,2960,0.596,-48.6067,-7.1385,182.757,19,47,1186.67,0,3514,3,14608,635,3970,21207,40420,960,41380,3470,11925.0,1,16,1,0,0,0,1,10,0,0,0,0,1,2,0,0,0,1,0,0,0,0,0,0,125,348,0,0,0,0,1
10,3154,3154,920,601,319,1960,26,114,163,213,1132,312,43,99,0.585,-42.2518,-18.4579,320.577,31,76,233.493,4,3219,3,3411,1138,7108,16657,28314,1100,29413,3270,8995.0,1,31,0,0,2,0,0,21,1,0,0,0,1,2,3,0,0,1,0,0,0,0,0,0,198,325,0,0,0,0,1
26,4386,4386,1229,550,679,1983,47,134,220,222,1134,226,294,737,0.643,-47.667,-6.3726,210.0485,28,91,395.907,0,3959,3,9375,1835,7889,24305,43405,1927,45332,4118,11008.0,1,25,1,0,1,0,0,13,0,0,0,2,2,4,0,0,0,2,0,0,0,0,0,0,245,639,0,0,0,0,1
16,4556,4556,1231,360,871,1360,28,84,110,122,842,174,699,605,0.586,-42.1793,-4.6269,117.974,72,13,356.264,0,4847,3,2552,925,5645,20720,29843,966,30809,4768,6462.0,1,16,0,0,1,0,1,11,0,0,0,0,1,2,0,0,0,0,0,0,0,0,0,0,258,649,0,0,0,0,1
8,2259,2259,746,556,190,1638,18,71,123,162,1019,245,760,3016,0.678,-49.8993,-15.0184,809.6516,11,75,212.025,0,2346,3,11325,1432,8157,13186,34100,1721,35821,2366,15140.0,1,20,1,0,2,0,0,12,0,0,0,1,1,2,1,0,0,0,0,0,0,0,0,0,598,436,0,0,0,0,1
9,4885,4885,1189,559,630,2198,41,203,254,276,1248,176,7879,17634,0.566,-46.2593,-7.1206,405.5717,11,18,743.087,0,5340,3,15090,1859,10934,18306,46188,1583,47771,5298,9017.0,1,30,0,0,0,0,0,26,0,0,0,1,0,2,0,0,0,1,0,0,0,0,0,0,128,647,0,0,0,0,1
4,7435,7435,2097,831,1266,2715,34,185,204,275,1652,365,482,1428,0.524,-40.0692,-13.033,550.0138,63,63,475.381,0,8172,3,7620,2628,11513,26365,48126,2004,50130,8372,5988.0,1,42,1,0,1,0,3,26,2,0,0,0,2,3,4,0,0,0,0,0,0,0,0,0,444,298,0,0,0,0,1
26,3770,3770,1141,746,395,2465,38,165,228,273,1465,296,7960,13294,0.661,-48.9062,-10.5669,262.5997,56,176,516.308,0,4215,3,12056,2270,9310,24142,47777,2160,49937,4159,12007.0,1,23,1,0,0,0,2,13,1,1,0,1,1,2,0,0,0,1,0,0,0,0,0,0,395,472,0,0,0,0,1
19,4295,4295,1291,998,293,3234,34,158,236,291,1984,531,272,47,0.585,-37.7118,-5.9593,140.2477,63,22,141.17,0,4272,3,1573,3537,6973,20487,32570,940,33510,4359,7688.0,1,47,0,0,4,0,4,17,0,1,0,0,2,3,2,0,0,14,0,0,0,0,0,0,349,601,0,0,0,0,1
1,8491,8491,2148,1112,1036,4002,80,293,392,460,2390,387,2880,707,0.525,-37.8362,-9.5014,234.5954,34,60,321.43,5,9303,3,4342,2452,16726,38221,61741,2146,63887,9381,6810.0,1,35,0,0,0,0,1,22,2,0,0,1,2,1,1,0,0,4,0,0,0,0,0,0,489,821,0,0,0,0,1
26,1037,1037,319,242,77,817,9,68,91,100,473,76,2154,5209,0.675,-48.9074,-10.7084,304.0231,24,26,205.85,0,1106,3,4001,472,2799,10580,17852,631,18483,1104,16742.0,1,16,0,0,0,0,0,8,0,0,0,0,3,4,0,0,0,1,0,0,0,0,0,0,119,147,0,0,0,0,1
16,6657,6657,2021,787,1234,2325,30,116,167,211,1479,322,3657,1018,0.541,-40.9059,-7.3547,362.9892,21,77,278.637,0,6862,3,2572,3468,16717,25896,48653,3560,52214,6753,7732.0,1,63,0,0,1,0,4,50,2,0,0,0,1,2,0,1,0,2,0,0,0,0,0,0,499,706,0,0,0,0,1
1,5112,5112,1277,849,428,3224,62,235,332,451,1802,342,198,32,0.558,-37.3311,-9.6731,164.3475,22,24,38.189,5,4985,3,1654,1149,7055,24555,34413,511,34924,5036,6935.0,1,22,0,0,1,0,0,15,2,0,0,0,1,2,1,0,0,0,0,0,0,0,0,0,179,231,0,0,0,0,1
26,5740,5740,1507,858,649,3214,68,231,299,386,1943,287,169,611,0.628,-47.5587,-6.6119,176.0714,33,157,747.898,0,6570,3,17623,3408,8007,35515,64554,2080,66634,6450,10331.0,1,32,1,0,0,0,2,21,0,0,0,1,1,3,0,0,0,2,0,0,0,0,0,0,395,695,0,0,0,0,1
14,1256,1256,402,231,171,699,10,56,70,63,417,83,49,0,0.584,-36.6583,-7.3167,487.0905,2,14,207.688,0,1786,3,1291,583,3460,11463,16797,657,17454,1782,9795.0,1,20,0,0,0,0,0,10,0,0,0,1,2,2,1,1,0,3,0,0,0,0,0,0,126,213,0,0,0,0,1
19,3859,3853,1106,963,143,3313,39,206,271,300,2037,460,200,28,0.603,-37.1017,-5.7771,82.4738,89,18,383.214,0,3787,3,3294,2030,7531,20203,33058,1003,34061,3875,8790.0,1,23,0,0,0,0,3,8,0,2,0,0,1,2,3,0,0,4,0,0,0,0,0,0,316,521,0,0,0,0,1
10,1766,1766,557,327,230,1010,10,45,71,74,636,174,121,568,0.642,-43.1438,-19.351,646.8891,58,101,94.183,0,1664,3,1977,845,4936,10647,18405,523,18928,1742,10865.0,1,19,0,0,2,0,0,7,0,1,0,0,1,2,1,1,0,4,0,0,0,0,0,0,284,197,0,0,0,0,1
19,2895,2895,845,370,475,1191,10,66,94,115,718,188,245,664,0.589,-35.3756,-6.2744,76.535,99,44,41.215,0,3075,3,1826,1441,6054,19515,28836,703,29539,3092,9554.0,1,20,0,0,0,0,2,9,1,0,0,1,1,2,2,0,0,2,0,0,0,0,0,0,259,432,0,0,0,0,1
14,2233,2233,674,327,347,1106,19,75,96,92,687,137,205,52,0.62,-37.0544,-7.1328,307.5951,9,16,111.876,0,2402,3,878,2866,5581,14916,24241,876,25117,2404,10448.0,1,18,0,0,1,0,5,6,0,0,0,0,1,2,1,0,0,2,0,0,0,0,0,0,189,309,0,0,0,0,1
16,6105,6105,1832,527,1305,1678,22,108,123,150,1032,243,2146,1142,0.563,-41.2523,-7.6808,257.7872,16,31,803.3,0,6377,3,3516,1649,9608,24646,39419,2221,41640,6271,6640.0,1,37,1,0,1,0,1,19,0,0,0,0,3,2,3,1,0,6,0,0,0,0,0,0,206,505,0,0,0,0,1
24,2974,2974,873,348,525,1184,15,75,93,114,765,122,3020,7649,0.593,-37.686,-10.6181,173.8937,70,24,82.202,5,3236,3,3552,1259,6429,18418,29659,910,30569,3227,9473.0,1,15,1,0,0,0,0,4,0,0,0,0,1,4,0,0,0,5,0,0,0,0,0,0,181,300,0,0,0,0,1
10,1785,1785,586,317,269,965,10,53,73,87,615,127,64,157,0.637,-43.7455,-21.7068,819.1693,123,100,112.959,0,1808,3,4092,686,5541,11395,21715,658,22373,1842,12146.0,1,30,0,0,3,0,0,12,2,1,0,0,1,2,2,0,0,7,0,0,0,0,0,0,409,218,0,0,0,0,1
4,6876,6876,1880,484,1396,1714,35,94,179,141,1066,199,492,1663,0.588,-38.649,-12.1436,195.341,40,75,158.488,0,7298,3,5710,1563,8424,22590,38288,1341,39629,7486,5294.0,1,24,1,0,2,0,1,13,1,0,0,1,1,2,0,0,0,2,0,0,0,0,0,0,260,342,0,0,0,0,1
14,6978,6978,1727,898,829,3319,49,265,277,317,1993,418,2080,26080,0.56,-35.6155,-6.8692,324.997,160,72,64.446,5,6680,3,12353,2084,12481,31166,58084,2165,60249,6667,9037.0,1,36,0,0,4,0,2,15,1,1,0,0,1,2,4,0,0,6,0,0,0,0,0,0,434,901,0,0,0,0,1
1,2866,2866,762,450,312,1619,19,109,160,173,1013,145,250,1542,0.574,-36.2865,-9.4762,297.4379,30,26,117.086,0,2911,3,7425,652,4468,16495,29041,361,29402,2954,9953.0,1,12,0,0,0,0,0,5,0,0,0,1,0,3,1,0,0,2,0,0,0,0,0,0,93,253,0,0,0,0,1
9,6030,6027,1562,595,967,2410,43,185,261,273,1451,197,964,2261,0.615,-44.5837,-1.8572,1.9986,172,42,248.629,5,5995,3,7816,1858,7972,19442,37088,976,38064,5847,6510.0,1,25,0,0,0,0,1,9,0,0,0,0,1,2,0,0,0,12,0,0,0,0,0,0,61,460,0,0,0,0,1
26,7659,7659,1837,1103,734,4466,89,386,554,564,2472,401,276,1589,0.583,-47.8147,-5.3967,128.7572,39,82,289.054,4,8365,3,5899,1191,8373,46994,62457,1316,63774,8298,7685.0,1,39,1,0,0,0,2,23,1,0,0,1,1,2,0,0,0,7,0,0,0,0,0,0,222,775,0,0,0,0,1
9,11541,11541,2495,874,1621,4409,71,393,507,548,2567,323,1935,5563,0.563,-44.0768,-2.9282,51.3674,119,56,355.893,0,12629,3,27815,4319,15272,42813,90219,1654,91873,12532,7331.0,1,13,0,0,1,0,0,6,0,0,0,0,0,3,1,0,0,2,0,0,0,0,0,0,188,695,0,0,0,0,1
26,4191,4191,1151,491,660,1811,47,132,206,231,1035,160,223,672,0.572,-48.141,-6.4422,158.5756,11,69,517.478,0,4604,3,7486,880,6192,28316,42875,1277,44153,4561,9680.0,1,24,0,0,0,0,2,10,1,0,0,0,0,3,1,0,0,7,0,0,0,0,0,0,207,553,0,0,0,0,1
26,2570,2570,787,307,480,1029,15,76,90,90,659,99,8750,23796,0.616,-48.533,-9.3437,208.1625,22,128,845.065,0,2811,3,10866,850,5938,16866,34520,2219,36738,2787,13182.0,1,19,1,0,0,0,0,10,0,2,0,0,1,3,0,1,0,1,0,0,0,0,0,0,158,314,0,0,0,0,1
10,2116,2116,703,636,67,1914,24,97,149,174,1221,249,8,39,0.684,-43.0221,-21.6315,337.0116,138,133,79.402,0,2289,3,2892,1767,7508,12289,24456,877,25334,2278,11121.0,1,35,0,0,7,0,0,17,0,1,0,1,0,3,2,0,0,4,0,0,0,0,0,0,480,229,0,0,0,0,1
19,3595,3595,969,511,458,1736,13,92,164,174,1032,261,314,150,0.605,-35.9355,-5.8794,168.1002,55,27,125.809,0,3608,3,954,1211,5789,21834,29789,617,30406,3673,8278.0,1,9,0,0,0,0,1,4,0,0,0,0,1,2,1,0,0,0,0,0,0,0,0,0,232,348,0,0,0,0,1
9,7061,7061,1753,580,1173,2293,45,165,238,282,1357,206,911,915,0.525,-44.5637,-5.4998,159.9683,6,9,623.214,0,7719,3,6852,1657,8656,22482,39648,1149,40796,7645,5336.0,1,10,0,0,0,0,1,4,1,0,0,0,0,1,1,0,0,2,0,0,0,0,0,0,143,728,0,0,0,0,1
10,5284,5284,1602,1153,449,3739,46,214,311,287,2277,604,289,492,0.613,-40.1469,-16.2476,217.814,20,113,440.605,0,5248,3,4220,1100,10477,22203,37999,981,38980,5387,7236.0,1,51,0,0,1,0,1,31,1,0,0,1,0,2,1,1,0,12,0,0,0,0,0,0,295,454,0,0,0,0,1
24,3749,3749,1036,579,457,2134,36,159,204,224,1282,229,1105,3556,0.592,-37.1977,-10.6462,70.7812,23,65,67.672,5,3904,3,5523,2020,10812,25877,44232,1359,45591,3926,11613.0,1,17,1,0,2,0,0,5,1,0,0,1,2,4,0,0,0,1,0,0,0,0,0,0,325,340,0,0,0,0,1
26,2523,2523,664,433,231,1615,37,131,125,188,998,136,43,93,0.662,-47.8063,-10.2824,274.6467,42,60,539.912,0,2834,3,4695,900,4583,16618,26795,928,27723,2794,9922.0,1,29,0,0,3,0,2,17,0,0,0,2,2,1,0,1,0,1,0,0,0,0,0,0,151,394,0,0,0,0,1
26,2474,2474,683,447,236,1594,27,111,170,169,938,179,82,213,0.637,-47.6843,-6.437,256.8685,12,56,269.677,0,2528,3,10604,610,3683,15815,30712,846,31558,2548,12385.0,1,21,0,0,1,0,0,16,0,0,0,2,0,2,0,0,0,0,0,0,0,0,0,0,144,442,0,0,0,0,1
16,6007,6007,1784,1177,607,3911,40,217,331,362,2440,521,7982,5684,0.584,-41.2338,-6.9818,238.2713,11,102,385.135,0,6388,3,3190,4990,11251,21859,41290,4667,45957,6270,7330.0,1,58,1,0,7,0,0,38,3,1,0,1,2,2,1,1,0,1,0,0,0,0,0,0,443,613,0,0,0,0,1
10,4135,4135,1075,344,731,1230,19,80,127,136,748,120,177,534,0.558,-43.3038,-18.469,765.1542,45,48,305.737,4,3877,3,4658,944,8271,17726,31599,1056,32655,4066,8031.0,1,37,1,0,2,0,0,16,2,2,0,0,2,2,1,1,0,8,0,0,0,0,0,0,475,540,0,0,0,0,1
16,2059,2059,533,200,333,803,20,72,105,99,434,73,211,198,0.619,-42.7112,-6.0467,244.672,50,16,33.668,0,2155,3,130,596,2237,10130,13092,254,13347,2120,6296.0,1,9,0,0,0,0,0,3,0,0,0,1,0,2,2,0,0,1,0,0,0,0,0,0,63,206,0,0,0,0,1
10,4220,4217,1118,502,616,1706,33,115,168,213,985,192,311,328,0.557,-43.1745,-18.3623,722.9042,14,47,218.595,5,4293,3,3329,1247,7124,19057,30757,855,31612,4368,7237.0,1,38,1,0,2,0,0,14,1,0,0,1,1,4,4,0,0,10,0,0,0,0,0,0,304,570,0,0,0,0,1
10,815,815,290,194,96,524,3,21,34,40,352,74,28,121,0.677,-45.7966,-19.4406,728.0852,73,24,335.659,0,786,3,4164,791,4286,8242,17483,420,17902,815,21966.0,1,15,2,0,0,0,0,4,1,0,0,0,1,2,1,1,0,3,0,0,0,0,0,0,248,33,0,0,0,0,1
19,4540,4540,1372,739,633,2404,29,142,194,196,1471,372,411,159,0.598,-37.9616,-6.1141,609.5933,24,25,122.375,5,4784,3,1246,1784,7641,22970,33641,1153,34794,4819,7220.0,1,47,0,0,0,0,3,28,0,1,0,0,1,2,2,0,0,10,0,0,0,0,0,0,308,908,0,0,0,0,1
15,5744,5744,1547,509,1038,1831,32,136,174,196,1092,201,2461,1174,0.585,-37.6475,-7.6021,592.8245,19,134,138.398,4,5993,3,2110,951,8080,26676,37817,1059,38876,5964,6519.0,1,22,0,0,0,0,0,10,0,1,0,0,1,2,1,1,0,6,0,0,0,0,0,0,276,650,0,0,0,0,1
26,1742,1742,551,341,210,1106,15,76,132,131,648,104,15238,42941,0.667,-48.9111,-11.9862,288.5279,23,68,1025.519,0,1946,3,15760,849,3840,13697,34146,1009,35155,1921,18300.0,1,15,0,0,0,0,0,7,0,0,0,1,2,4,1,0,0,0,0,0,0,0,0,0,148,238,0,0,0,0,1
9,4613,4613,1213,764,449,2861,51,203,295,308,1660,344,2729,5648,0.568,-43.5459,-6.4201,299.2162,31,55,863.908,0,5645,3,8481,2129,8983,18287,37880,1326,39206,5556,7057.0,1,25,0,0,1,0,0,20,1,0,0,0,1,1,0,0,0,1,0,0,0,0,0,0,89,718,0,0,0,0,1
16,4313,4313,1234,288,946,1021,17,62,77,113,640,112,2550,658,0.596,-42.9991,-9.0626,482.86,35,23,656.361,0,4444,3,1550,889,5574,18381,26394,883,27277,4374,6236.0,1,16,0,0,1,0,1,12,0,0,0,0,0,2,0,0,0,0,0,0,0,0,0,0,148,363,0,0,0,0,1
1,6718,6718,1835,907,928,3567,43,221,334,384,2151,434,1070,10719,0.572,-36.8989,-10.1203,15.6049,98,91,139.945,4,6953,3,22908,2219,9048,27808,61983,2162,64145,7046,9104.0,1,18,0,0,0,0,0,14,0,0,0,0,1,1,1,0,0,1,0,0,0,0,0,0,162,269,0,0,0,0,1
19,3401,3401,1003,706,297,2297,23,125,164,185,1478,322,321,357,0.608,-37.1854,-6.3839,141.9096,33,22,404.428,0,3573,3,7228,10488,7789,19946,45451,1941,47392,3603,13153.0,1,35,1,0,6,0,1,16,1,1,0,0,1,4,1,0,0,2,0,0,0,0,0,0,234,477,0,0,0,0,1
4,5715,5715,1725,1547,178,5141,63,352,516,561,3004,645,3185,3440,0.546,-39.3389,-15.0782,151.0905,134,185,127.925,4,5710,3,5462,2549,15389,22604,46005,2548,48553,6081,7984.0,1,33,2,0,0,0,0,26,0,2,0,0,0,2,0,0,0,1,0,0,0,0,0,0,361,364,0,0,0,0,1
16,6591,6591,1930,601,1329,1929,35,119,159,168,1165,283,6051,7047,0.552,-41.4794,-6.8706,402.7826,12,78,373.347,0,6710,3,3985,2077,12215,24490,42767,2676,45443,6606,6879.0,1,58,0,0,5,0,0,44,1,0,0,1,1,2,0,2,0,2,0,0,0,0,0,0,335,882,0,0,0,0,1
9,7496,7496,1876,775,1101,3003,42,221,294,357,1749,340,1825,1851,0.557,-44.5824,-5.0487,77.4327,15,19,353.232,0,7642,3,4747,1934,11394,23241,41315,1437,42752,7489,5709.0,1,23,0,0,0,0,0,13,0,0,0,1,1,2,1,1,0,4,0,0,0,0,0,0,119,974,0,0,0,0,1
16,4445,4445,1376,410,966,1233,13,68,92,127,727,206,3007,1202,0.559,-41.3461,-6.8189,279.359,75,72,480.537,0,4602,3,1387,1136,7317,18687,28527,1261,29788,4529,6577.0,1,24,0,0,0,0,0,17,0,0,0,0,1,2,1,0,0,3,0,0,0,0,0,0,238,630,0,0,0,0,1
23,1904,1904,593,151,442,439,4,22,30,35,278,70,943,4439,0.71,-53.2546,-26.6945,442.0055,18,50,72.755,0,1833,3,13955,1023,6660,11930,33567,1168,34736,1860,18675.0,1,38,0,0,1,0,0,15,3,0,0,0,1,2,1,0,0,15,0,0,0,0,0,0,599,332,0,0,0,0,1
24,3698,3698,1061,519,542,1727,25,81,164,199,1059,199,1422,3779,0.567,-37.384,-10.3878,194.8542,33,27,144.832,4,3913,3,3581,4616,7306,21461,36963,1611,38574,3923,9833.0,1,34,0,0,2,0,1,10,0,0,0,1,2,4,2,0,0,12,0,0,0,0,0,0,245,484,0,0,0,0,1
9,6090,6090,1397,422,975,1731,26,133,191,195,1035,151,1302,2299,0.516,-45.0842,-5.1032,120.6501,44,18,419.352,0,5345,3,6306,1539,8432,19275,35552,1085,36637,5082,7209.0,1,18,0,0,0,0,0,12,1,0,0,0,0,2,0,0,0,3,0,0,0,0,0,0,37,651,0,0,0,0,1
9,5957,5957,1317,650,667,2845,57,247,281,301,1700,259,776,1784,0.516,-44.9919,-5.0174,87.9176,174,15,227.463,0,6649,3,5778,1483,8260,21865,37387,920,38306,6620,5786.0,1,16,0,0,0,0,0,11,0,0,0,0,1,1,1,1,0,1,0,0,0,0,0,0,64,875,0,0,0,0,1
26,4283,4283,1079,832,247,3283,60,276,364,383,1918,282,83,252,0.573,-48.2038,-5.259,116.0,34,76,287.273,5,4757,3,5926,1795,5860,27590,41170,947,42117,4702,8957.0,1,24,0,0,3,0,0,16,0,1,0,0,1,2,0,0,0,1,0,0,0,0,0,0,87,402,0,0,0,0,1
24,2957,2957,839,346,493,1843,27,107,147,199,1182,181,391,2667,0.604,-36.8839,-10.2092,16.4726,89,44,49.027,4,3204,3,4005,1694,6036,18819,30554,980,31534,3196,9867.0,1,22,2,0,3,0,0,3,0,0,0,1,2,4,0,0,0,7,0,0,0,0,0,0,257,484,0,0,0,0,1
19,3368,3368,924,640,284,2186,28,152,209,209,1332,256,485,318,0.602,-37.1838,-5.867,107.4131,35,12,268.726,0,3259,3,5762,4691,7203,20149,37805,1391,39196,3346,11714.0,1,28,0,0,4,0,3,9,0,1,0,0,0,2,1,1,0,7,0,0,0,0,0,0,198,436,0,0,0,0,1
9,5596,5596,1373,695,678,2732,62,250,348,311,1460,301,358,1016,0.555,-45.6339,-3.6764,36.4604,62,17,271.007,0,5826,3,6832,1627,7492,20104,36055,3603,39658,5731,6920.0,1,13,0,0,0,0,1,10,0,0,0,0,0,1,0,0,0,1,0,0,0,0,0,0,156,567,0,0,0,0,1
26,2097,2097,646,332,314,1065,16,83,99,127,612,128,1922,3662,0.587,-48.123,-8.3955,177.4788,26,66,895.308,0,2613,3,5193,886,3654,17289,27022,1010,28032,2518,11133.0,1,13,1,0,1,0,1,6,0,0,0,1,1,2,0,0,0,0,0,0,0,0,0,0,98,207,0,0,0,0,1
10,2705,2697,841,476,365,1554,22,82,166,142,946,196,2,15,0.638,-40.5726,-17.2536,222.1169,96,88,405.834,0,2626,3,6642,806,6905,14603,28956,830,29785,2718,10959.0,1,29,1,0,3,0,0,19,0,1,0,0,1,2,0,0,0,2,0,0,0,0,0,0,153,278,0,0,0,0,1
19,3821,3821,932,304,628,1199,15,79,116,141,751,97,1034,753,0.555,-38.4912,-6.3194,639.4612,9,21,71.621,5,4149,3,1350,750,5832,22344,30276,869,31145,4154,7498.0,1,19,0,0,0,0,0,5,2,0,0,1,0,2,2,0,0,7,0,0,0,0,0,0,212,368,0,0,0,0,1
16,2986,2986,924,330,594,966,17,68,62,83,606,130,1639,594,0.503,-41.4797,-7.6028,256.6504,10,18,341.974,0,3075,3,1306,669,5144,13652,20771,963,21734,3028,7178.0,1,11,0,0,0,0,0,7,0,0,0,0,1,2,0,0,0,1,0,0,0,0,0,0,173,411,0,0,0,0,1
19,2872,2859,690,663,27,2774,45,176,261,362,1701,229,415,2344,0.576,-35.0761,-6.3128,39.8099,379,39,47.656,0,3146,3,6425,1170,5237,16370,29201,1234,30435,3145,9677.0,1,22,0,0,0,0,1,11,0,2,0,0,1,2,0,1,0,4,0,0,0,0,0,0,255,433,0,0,0,0,1
16,3076,3076,937,244,693,759,17,48,69,95,460,70,6178,1590,0.565,-40.9378,-7.141,412.0928,29,29,221.654,0,2990,3,4375,2612,7301,13217,27506,1748,29254,2947,9927.0,1,26,1,0,0,0,3,12,0,0,0,0,0,2,0,1,0,7,0,0,0,0,0,0,271,360,0,0,0,0,1
19,1618,1618,481,458,23,1541,18,85,124,151,988,175,454,241,0.592,-37.9474,-5.9919,205.4923,24,22,37.905,5,1712,3,442,606,3219,10352,14620,340,14960,1722,8688.0,1,8,0,0,0,0,1,4,0,0,0,0,0,2,1,0,0,0,0,0,0,0,0,0,133,261,0,0,0,0,1
16,4913,4913,1276,327,949,1137,19,67,117,113,706,115,2188,658,0.553,-42.9694,-9.2365,434.616,48,19,450.755,0,4956,3,1461,1034,5922,20545,28963,1038,30000,4881,6146.0,1,17,0,0,1,0,0,10,0,0,0,0,1,4,0,0,0,1,0,0,0,0,0,0,163,370,0,0,0,0,1
16,4280,4280,1150,352,798,1159,19,84,124,98,728,106,4131,1674,0.544,-41.909,-7.2358,175.4249,3,28,269.987,0,4454,3,3129,1047,6320,17737,28233,1305,29537,4383,6739.0,1,21,0,0,0,0,0,13,0,0,0,0,1,4,0,1,0,2,0,0,0,0,0,0,173,296,0,0,0,0,1
